source_filename,family,purpose_guess,width,height,bytes,sha256,duplicate,canonical_webp,status
a_clean_modern_3d_rendered_collage_quad_panel_ill.png,brand-supordo-legacy-3d,brand-illustration,1122,1402,1963295,a905c1efd6cff2becd15ea6d482d2646dc946c1b70867d60c1be827d41f7a053,false,webp/brand-supordo-legacy-3d/a-clean-modern-3d-rendered-collage-quad-panel-ill.webp,generated-unreviewed
a_clean_modern_4_panel_illustration_collage_of_a.png,brand-supordo-legacy-3d,brand-illustration,1122,1402,2082311,c7ea8eb082bf8ae48df553f840c6656a18f1db4dec44e1a4eda878b33610099a,false,webp/brand-supordo-legacy-3d/a-clean-modern-4-panel-illustration-collage-of-a.webp,generated-unreviewed
a_clean_realistic_3d_cgi_collage_image_divided_in.png,brand-supordo-legacy-3d,brand-illustration,1122,1402,2008682,9a203a4f9ebb91b7d314a320550233c2ccc5c8c52abb13a60abe102935d412c4,false,webp/brand-supordo-legacy-3d/a-clean-realistic-3d-cgi-collage-image-divided-in.webp,generated-unreviewed
wide_indoor_scene_of_a_home_interior_during_instal.png,demo-atelier-du-feu,hero-candidate,1672,941,2061352,c54712c1d0950ff0225752bc43532ddb60137caefe73819c09ec480de6de8653,false,webp/demo-atelier-du-feu/wide-indoor-scene-of-a-home-interior-during-instal.webp,generated-unreviewed
réparation_du_poêle_à_bois.png,demo-atelier-du-feu,service-or-gallery,1672,941,2057536,21dbfe95131c0f11b98a3b19b4703d08d73ac53c7808e9ac389aed0ff3df665c,false,webp/demo-atelier-du-feu/reparation-du-poele-a-bois.webp,generated-unreviewed
wide_indoor_scene_in_a_modern_bathroom_realistic.png,demo-martin-confort,hero-candidate,1672,941,2018574,5f78840821c1095d623ce9af39e1c23686fd3f4d7340e21fda776913779e24a2,false,webp/demo-martin-confort/wide-indoor-scene-in-a-modern-bathroom-realistic.webp,generated-unreviewed
entretien_d_un_chauffe_eau_en_garage.png,demo-martin-confort,service-or-gallery,1672,941,2123466,3708d9326ef3d5e708bea648fabf38c9f8db27a09580c02748e9fe0d8232aa41,false,webp/demo-martin-confort/entretien-d-un-chauffe-eau-en-garage.webp,generated-unreviewed
technicien_diagnostiquant_une_pompe_à_chaleur.png,demo-martin-confort,service-or-gallery,1672,941,2517246,37635d9fd36ead39f88e5c0678b44b201db551a7a110940affa5f329cfcb0a52,false,webp/demo-martin-confort/technicien-diagnostiquant-une-pompe-a-chaleur.webp,generated-unreviewed
couvreurs_au_travail_sur_toit_en_terre_cuite.png,demo-toitures-durand,hero-candidate,1672,941,2272913,0cb020673276d4aaba4de6d08aec3f63d0a2b868a6522bffa57168838d15111d,false,webp/demo-toitures-durand/couvreurs-au-travail-sur-toit-en-terre-cuite.webp,generated-unreviewed
couvreur_travaillant_sur_une_toiture_métallique.png,demo-toitures-durand,service-or-gallery,1448,1086,2215097,3b0cf7730d705bcd4bf087d41faf4fe48d7edcef47867147c66949edefe2818c,false,webp/demo-toitures-durand/couvreur-travaillant-sur-une-toiture-metallique.webp,generated-unreviewed
chantier_de_toiture_résidentiel_avec_fourgon_duran.png,demo-toitures-durand,company,1672,941,2760314,a8d5e0cdebb3a1dab997bc480207062be3ab8d155ec6aaa35f26f8499e858444,false,webp/demo-toitures-durand/chantier-de-toiture-residentiel-avec-fourgon-duran.webp,generated-unreviewed
inspection_des_poutres_endommagées_gbc.png,demo-toitures-durand,service-or-gallery,1448,1086,2267356,9af5cf59fa7125dd39587ac54858a019eb174bed02cce50e4247d80f805b11bd,false,webp/demo-toitures-durand/inspection-des-poutres-endommagees-gbc.webp,generated-unreviewed
maison_crème_au_toit_de_tuiles_et_jardin_fleuri.png,demo-toitures-durand,project,1672,941,2671412,3918d3e8c9281f7869a0202c512ed65377ea4fc362f96161049a02ead365080d,false,webp/demo-toitures-durand/maison-creme-au-toit-de-tuiles-et-jardin-fleuri.webp,generated-unreviewed
électriciens_au_travail_sur_le_tableau_électrique.png,demo-berger-electricite,hero-candidate,1672,941,1979363,716cf2439f6724bc0f0ddd1b139718922125ecd19c1df5cc28cf3729660e1bcb,true,webp/demo-berger-electricite/imagegen.webp,generated-unreviewed
installation_d_une_borne_de_recharge_ve.png,demo-berger-electricite,service-or-gallery,1672,941,2181748,f6ad1129dc15eae3975a24cfd92d56dc4c912e378ed55863a2d1a586b577537d,false,webp/demo-berger-electricite/installation-d-une-borne-de-recharge-ve.webp,generated-unreviewed
électriciens_au_travail_en_rénovation.png,demo-berger-electricite,service-or-gallery,1672,941,2209131,16ff62e1dbd7f2026baab6b8656f3ad41d5c2dfda0841d7a48827771d84eeb77,false,webp/demo-berger-electricite/electriciens-au-travail-en-renovation.webp,generated-unreviewed
électriciens_au_travail_à_l_arrière_du_van.png,demo-berger-electricite,company,1672,941,2267079,c8c3b630de7d564118108bd9e1693d22a28f9fcdb8a20a658340e83bb53f63d6,false,webp/demo-berger-electricite/electriciens-au-travail-a-l-arriere-du-van.webp,generated-unreviewed
entrée_scandinave_et_tableau_électrique.png,demo-berger-electricite,project,1672,941,1618064,0c0cc36284ed71a71dfc5ca3c78c2305a34a4b3c05e2c5491f7c1c1da0b7d7b5,false,webp/demo-berger-electricite/entree-scandinave-et-tableau-electrique.webp,generated-unreviewed
